{"0": [-6.2068480748724575, -7.87104233166326, -8.948320228257167, -10.582823687944801, -10.942995656120088, -12.68519343908505, -12.12385317680712, -11.731873640236017, -11.97431413388683, -12.748397291374886, -12.562891232492987, -12.485684633304867, -12.386400588421177, -12.327420473094847, -12.813190805382117, -13.282032173029775, -13.918351412123515, -14.276991896132738, -14.058155996483281, -14.249229575997457, -14.252524252128552, -13.916522215708131, -13.78793709243291, -13.686151521997798, -13.673820202659629, -13.988402224972896, -13.997366714220957, -13.66806554517795, -13.800236869617718, -14.171832381841275, -14.057538529556941, -13.815049402942421, -13.921893496491606, -13.829139745864472, -13.85082921339061, -13.975762451085945, -14.165924782447874, -13.988191934038012, -14.083886463417858, -14.185320204216652, -14.00753466799364, -14.362218556858847, -14.264853704746386, -14.265793061866171, -14.170167990322982, -14.347127243232944, -14.26947660702102, -14.183613608150482, -14.021769318368834, -14.08751962613448], "1": [-7.946416201085528, -11.23064165309164, -12.535944339670136, -13.66376033185336, -11.672199175830583, -11.119032773800644, -11.473175263730111, -12.385797598788653, -12.539194775092215, -12.736992853826704, -12.061220073216651, -11.781043159537095, -12.11159000469712, -12.254608510514606, -12.118911085975798, -12.464820354169456, -12.892548947784567, -12.144172045491949, -12.413621130980898, -12.230796660586424, -11.693788780007086, -11.777848391142502, -11.76147451006478, -11.975347892207049, -12.042823526275134, -12.327287360875685, -12.499296147925051, -12.549961930910943, -12.768355402192174, -12.63147561097723, -12.753337099004206, -12.813700195644921, -12.933308679679742, -13.169969210911002, -12.839701942501781, -12.974842434395125, -13.012276759962742, -12.730802929062362, -12.75871897564144, -12.778495679950863, -12.888517438949009, -12.840790405815593, -13.034466147937511, -13.040672370939676, -12.920390867655726, -12.888889006848665, -12.644542941907288, -12.732806640289366, -12.822615718513026, -12.990610943731738], "2": [-13.484585311028606, -10.53934710483412, -10.67343113648485, -11.244771265476267, -11.161866838518419, -11.517591923132198, -11.36253336513374, -11.968005548912064, -12.093053898638356, -12.279632558978909, -11.41876683888205, -12.271191561728358, -12.197142065596982, -12.089802622209282, -11.65486110593573, -12.294071540736656, -11.893495179631724, -11.544663429003728, -11.813904023696463, -11.939218162485115, -11.775453548691617, -11.962209585646779, -12.046158492759675, -12.127910768766395, -12.41913627475146, -12.152475708899184, -12.009321785377605, -12.174407102586896, -11.951893620188558, -11.933181665380014, -11.896592253488771, -11.804538747726225, -11.968119549464165, -12.184603980203612, -12.316668255331766, -12.517998815447498, -12.327863162565619, -12.290903108296266, -12.34539311192639, -12.548787238913777, -12.58073168403118, -12.687026217808123, -12.642493882921265, -12.479935888922087, -12.375985182496919, -12.533975386764974, -12.500495923539628, -12.402115220716942, -12.435257459456418, -12.468600327355192], "3": [-8.417077992782975, -10.419497328229479, -9.567159929710272, -11.26814736276975, -10.823677134667744, -11.123191885223054, -11.150970101278231, -11.965884852742356, -11.490171814982235, -11.984764089778292, -11.630954640372638, -12.036457747498634, -11.747692854264821, -12.23549163435878, -12.122334694900752, -11.716300866742534, -12.15584277658298, -12.358617068582282, -12.153635428570535, -12.10049867133536, -12.187995493777875, -12.136602177712819, -12.224468268421507, -12.280759630237414, -12.224869325663363, -12.173818697914523, -12.0121328001307, -11.9663326623014, -12.046016215532415, -11.913368863120773, -12.183722639055048, -12.239116487987934, -12.320755090331199, -12.54729236081519, -12.330960818546814, -12.64232253431002, -12.508865889989133, -12.612364274620672, -12.722386577389194, -12.844414891511052, -12.647644875472968, -12.599015818927993, -12.56024677628043, -12.394591440603516, -12.425341989121927, -12.509846364812498, -12.492836025493828, -12.530706661342812, -12.497935797156469, -12.28002639641624], "4": [-13.53317183715375, -10.760931246647573, -12.100403805039111, -11.817685207954824, -10.441845601102013, -10.830571731109428, -11.880203655122104, -12.369009561986038, -11.348267714882798, -12.118440337347456, -11.544097692544002, -10.524861522622118, -10.883354278564898, -11.104332546827953, -11.750140252037864, -11.686446985391427, -11.45380953848766, -10.901150910577371, -11.01855898112708, -11.08155205780409, -11.305286185234037, -11.159834613171595, -11.123657943902074, -11.102089001505803, -11.081064302960186, -11.171055501268484, -11.343398893599382, -11.318954948544, -11.05493967003621, -10.889053968878024, -10.677666652986273, -10.52030636701017, -10.40809243470599, -10.630243954260918, -10.446572873881912, -10.549035073770453, -10.475645387344771, -10.554872728049007, -10.516510499942047, -10.757438378635893, -10.762928592981511, -10.63354915813055, -10.583308884319319, -10.617829574163533, -10.822064763123011, -11.034445882646988, -11.033629179132902, -10.974762656811997, -10.974628440703103, -11.035344481282811]}